{
  "traffic": {
    "ppo": {
      "mean_reward": -1559.1159641981126,
      "std_reward": 35.40168945779681,
      "best_reward": -1471.5999646186829,
      "improvement_pct": 2.33
    },
    "qmix": {
      "mean_reward": -1575.7039643526077,
      "std_reward": 32.66974186860324,
      "best_reward": -1532.9599661827087,
      "improvement_pct": 1.29
    },
    "baseline": {
      "mean_reward": -1596.2439650058745,
      "std_reward": 43.054336423891286,
      "best_reward": -1500.7199621200562
    }
  },
  "energy": {
    "maddpg": {
      "mean_reward": -113.66244556427003,
      "std_reward": 3.0749829563854294,
      "best_reward": -108.70517954826354,
      "improvement_pct": -1458.68
    },
    "baseline": {
      "mean_reward": -7.292217349350452,
      "std_reward": 0.32198795579032946,
      "best_reward": -6.450701186656952
    }
  }
}